inf;109.96609573726971;250000.0;50.271419282711626;32.140872668990625;36.39850118271957;31.140933529613182;46.25573850388872;48.150840759277365;34.246065891531266;36125.937937491944;34973.29107459996;34183.2320978436;25015.104706047146;40285.43266121904;44850.893906950536;34566.10761584774;18.400879648494293;8.579070525389984;15.969191342484223;14.538648441778472;19.664058480418028;19.07438328986631;13.739864008838392;26.721252398260162;2.433376590205209;19.604340367195732;7.377591550777765;7.032989104128944;14.78512758863034;19.868980545920607;23599047.391188227;5756147.261475726;67606553.60156858;27952142.675562758;125718291.71086648;25768924.976099882;44663687.474431746
0.0;0.0;0.0;9.538385205394796;0.0;36.39850118271999;22.057300590045234;33.993088342142315;36.59941183965916;23.79252979691103;0.0;0.0;0.0;0.0;0.0;0.0;0.0;0.0;0.0;0.0;0.0;0.0;0.0;0.0;0.0;0.0;0.0;0.0;0.0;0.0;0.0;0.0;0.0;0.0;0.0;0.0;0.0;0.0
0.01;6.072505925886646;721.143384444561;9.538385205394796;0.0;36.39850118271959;8.808251781668918;33.993088342142315;36.599411839658536;33.91574217729155;0.0;0.0;0.0;721.143384444561;0.0;0.0;0.0;0.0;0.0;0.0;6.072505925886646;0.0;0.0;0.0;0.0;0.0;0.0;7.431078364066591;0.0;0.0;0.0;0.0;0.0;0.0;0.0;0.0;0.0;0.0
0.02;6.0;743.157511861895;48.4427046514747;0.0;36.398501182719585;9.224924185905067;33.993088342142315;36.599411839658536;23.90547486430833;0.0;0.0;0.0;743.157511861895;0.0;0.0;0.0;0.0;0.0;0.0;6.0;0.0;0.0;0.0;0.0;0.0;0.0;7.1243070955044345;0.0;0.0;0.0;0.0;0.0;0.0;0.0;0.0;0.0;0.0
0.03;6.000000000000002;743.1575118618962;55.45753310488916;0.0;36.39850118271959;9.224924185905065;33.99308834214218;36.599411839659155;18.234472826754516;0.0;0.0;0.0;743.1575118618962;0.0;0.0;0.0;0.0;0.0;0.0;6.000000000000002;0.0;0.0;0.0;0.0;0.0;0.0;7.124307095504442;0.0;0.0;0.0;0.0;0.0;0.0;0.0;0.0;0.0;0.0
0.04;6.465511782573648;647.4291305019378;50.27141928271166;0.0;47.55015454568145;11.875672657999093;33.993088342142315;36.599411839659126;18.234472826754516;0.0;0.0;0.0;647.4291305019378;0.0;0.0;0.0;0.0;0.0;0.0;6.465511782573648;0.0;0.0;0.0;0.0;0.0;0.0;5.17271763780035;0.0;0.0;0.0;0.0;0.0;0.0;0.0;0.0;0.0;0.0
0.05;6.083450681594967;733.4089048237761;50.27141928271163;0.004387210104566726;36.398501182719585;8.74535516157895;33.99308834214218;36.59941183965863;21.465642547054365;0.0;0.0;0.0;733.4089048237761;0.0;0.0;0.0;0.0;0.0;0.0;6.083450681594967;0.0;0.0;0.0;0.0;0.0;0.0;7.477385428650437;0.0;0.0;0.0;0.0;0.0;0.0;0.0;0.0;0.0;0.0
0.06;6.083450681594963;733.4089048237715;50.27141928271161;0.0;38.037347768370125;8.745355161578976;33.99308834214218;36.599411839659155;22.667043152882986;0.0;0.0;0.0;733.4089048237715;0.0;0.0;0.0;0.0;0.0;0.0;6.083450681594963;0.0;0.0;0.0;0.0;0.0;0.0;7.477385428650418;0.0;0.0;0.0;0.0;0.0;0.0;0.0;0.0;0.0;0.0
0.07;7.0;3036.1453211811154;53.72794451766105;7.1332757329163015e-12;36.39850118271988;18.61954353161771;33.99308834214202;36.599411839658536;13.855482347249927;0.0;0.0;0.0;3036.1453211811154;0.0;0.0;0.0;0.0;0.0;0.0;7.0;0.0;0.0;0.0;0.0;0.0;0.0;3.684926726807846;0.0;0.0;0.0;0.0;0.0;0.0;4380557.531622428;0.0;0.0;0.0
0.08;10.17834810481113;42168.73296586175;50.271419282711626;36.19838523864746;30.02915898433365;31.140933529613335;33.99308834214233;36.599411839658536;21.465642547054365;0.0;42168.73296586175;0.0;0.0;0.0;0.0;0.0;0.0;10.178348104810443;0.0;0.0;0.0;6.876095572013695e-13;0.0;0.0;2.2135480934879457;0.0;0.0;0.0;0.0;0.0;0.0;4622796.043633308;0.0;0.0;0.0;0.0;0.0
0.09;15.665788176096873;42932.070923200205;50.27141928271161;36.19838523864746;36.39850118271959;9.606889574578311;33.99308834214219;36.59941183965867;13.855482347249927;0.0;42168.732965861775;0.0;763.3379573384325;0.0;0.0;0.0;0.0;10.178348106846219;0.0;5.487440069250654;0.0;0.0;0.0;0.0;2.213548093487943;0.0;6.843088551538372;0.0;0.0;0.0;0.0;4622789.290677841;0.0;0.0;0.0;0.0;0.0
0.1;16.643859887384092;42816.1620963637;50.27141928271161;36.19838523864746;36.398501182719585;11.875672657999093;33.99308834214211;36.599411839659155;21.451911576033464;0.0;42168.73296586177;0.0;647.4291305019378;0.0;0.0;0.0;0.0;10.178348104810444;0.0;6.465511782573648;0.0;0.0;0.0;0.0;2.2135480934879457;0.0;5.17271763780035;0.0;0.0;0.0;0.0;4622796.043171029;0.0;0.0;0.0;0.0;0.0
0.11;16.719102659246985;42714.55626896158;50.2714192827123;36.19838523864746;36.39850118272004;12.865577366012353;33.99308834214217;36.599411839659155;13.855482347249927;0.0;42168.73296586176;0.0;545.8233030998206;0.0;0.0;0.0;0.0;10.178348104810443;0.0;6.540754554436543;0.0;0.0;0.0;0.0;2.2135480934879515;0.0;4.599323243927447;0.0;0.0;0.0;0.0;4622796.043633294;0.0;0.0;0.0;0.0;0.0
0.12;16.250854030697084;42889.876350306324;50.27141928271165;36.19838523864747;27.657071977852148;8.808251781668925;33.99308834214218;36.599411839658536;34.24606589153126;0.0;42168.73296586176;0.0;721.143384444561;0.0;0.0;0.0;0.0;10.178348104810443;0.0;6.072505925886643;0.0;0.0;0.0;0.0;2.213548093487943;0.0;7.431078364066585;0.0;0.0;0.0;0.0;4622796.04363332;0.0;0.0;0.0;0.0;0.0
0.13;16.80044924441678;42914.4130111913;50.271419282711626;36.19838523864746;36.39850118271957;13.935784718116754;33.99308834214219;36.599411839659155;0.9662784892735619;0.0;42168.73296586175;0.0;745.6800453295468;0.0;0.0;0.0;0.0;10.178348104810443;0.0;6.622101139606336;0.0;0.0;0.0;0.0;2.2135480934879483;0.0;4.312348985559391;0.0;0.0;0.0;0.0;4622796.043633313;0.0;0.0;0.0;0.0;0.0
0.14;16.722619867936118;42713.777477575735;50.27141928271161;36.19838523864746;36.39850118271949;12.911850268435284;33.99308834214218;36.599411839659155;9.08422066676688;0.0;42168.73296586176;0.0;545.0445117139752;0.0;0.0;0.0;0.0;10.178348104810443;0.0;6.544271763125677;0.0;0.0;0.0;0.0;2.2135480934879483;0.0;4.586870849986851;0.0;0.0;0.0;0.0;4622796.042246485;0.0;0.0;0.0;0.0;0.0
0.15;16.250854030697088;42889.8763503063;50.271419282711726;36.19838523864746;34.05428604554432;8.808251781668925;33.99308834214257;36.599411839658536;34.24606589153119;0.0;42168.732965861745;0.0;721.1433844445595;0.0;0.0;0.0;0.0;10.178348104810444;0.0;6.072505925886643;0.0;0.0;0.0;0.0;2.213548093487947;0.0;7.431078364066588;0.0;0.0;0.0;0.0;4622794.836730276;0.0;0.0;0.0;0.0;0.0
0.16;16.786702936914075;42864.64276289983;31.271311383726342;36.19838523864746;36.39850118271959;13.75493632327685;33.99308834214218;36.59941183965861;34.24606589153117;0.0;42168.73296586175;0.0;695.9097970380762;0.0;0.0;0.0;0.0;10.178348104810444;0.0;6.608354832103631;0.0;0.0;0.0;0.0;2.2135480934879475;0.0;4.359989908204465;0.0;0.0;0.0;0.0;4622796.043633308;0.0;0.0;0.0;0.0;0.0
0.17;16.999999999999996;44151.86376523853;50.271419282711626;36.19838523864818;36.39850118271923;16.561103104835787;33.99308834214219;15.900930169035876;34.24606589153092;0.0;42168.732965861964;0.0;1983.1307993765668;0.0;0.0;0.0;0.0;10.178348104810514;0.0;6.821651895189483;0.0;0.0;0.0;0.0;2.2135480934879093;0.0;3.822561201011242;0.0;0.0;0.0;0.0;4622796.043633249;0.0;2045248.1634013073;0.0;0.0;0.0
0.18;18.0;27088.127728060677;50.271419282711385;0.0;36.398501182719656;14.025288227689337;33.99308834214219;29.981957173102707;17.283198360760412;0.0;0.0;0.0;775.5244579182931;0.0;26312.603270142383;0.0;0.0;0.0;0.0;6.628904311767436;0.0;11.371095688232565;0.0;0.0;0.0;0.0;4.291101828783383;0.0;5.86334889687164;0.0;0.0;0.0;0.0;0.0;0.0;16158301.996768331;0.0
0.19;19.0;29801.016999767693;50.2714192827115;22.340105438902707;36.398501182719876;14.025288227689003;33.99308834214218;31.40556680434006;34.246065891531266;0.0;0.0;0.0;775.5244579181851;0.0;29025.492541849508;0.0;0.0;0.0;0.0;6.628904311767418;0.0;12.371095688232584;0.0;0.0;0.0;0.0;4.291101828783459;0.0;6.309089421718505;0.0;0.0;0.0;0.0;0.0;0.0;16911335.355734784;0.0
0.2;21.07302252898941;37844.667111203096;56.133919264140886;0.0;36.39850118271959;19.353398922230348;33.99308834214218;12.86641566620197;34.246065891531266;37844.667111203096;0.0;0.0;0.0;0.0;0.0;0.0;21.07302252898941;0.0;0.0;0.0;0.0;0.0;0.0;34.14027594277031;0.0;0.0;0.0;0.0;0.0;0.0;17297147.54973049;0.0;0.0;0.0;0.0;0.0;0.0
0.21;21.073022528989412;37844.667111203096;56.133919264140886;17.845377990222403;36.39850118271959;36.507124233907525;33.99308834214218;36.599411839659155;34.246065891531266;37844.667111203096;0.0;0.0;0.0;0.0;0.0;0.0;21.073022528989412;0.0;0.0;0.0;0.0;0.0;0.0;34.140275942770316;0.0;0.0;0.0;0.0;0.0;0.0;17297147.54973049;0.0;0.0;0.0;0.0;0.0;0.0
0.22;27.701926840756823;38620.19156912136;56.133919264140886;0.0;36.39850118271959;14.025288227689007;33.99308834214218;36.59941183965858;23.79252979691103;37844.667111203096;0.0;0.0;775.5244579182649;0.0;0.0;0.0;21.073022528989412;0.0;0.0;6.6289043117674105;0.0;0.0;0.0;34.14027594277031;0.0;0.0;4.291101828783459;0.0;0.0;0.0;17297147.549730487;0.0;0.0;0.0;0.0;0.0;0.0
0.23;27.309294517424487;38532.23143350745;56.133919264140886;0.0;36.39850118271957;11.484651627630578;33.993088342142194;36.599411839659155;15.5223380032018;37844.667111203096;0.0;0.0;687.5643223043486;0.0;0.0;0.0;21.073022528989412;0.0;0.0;6.2362719884350755;0.0;0.0;0.0;34.140275942770316;0.0;0.0;5.460603315616073;0.0;0.0;0.0;17297147.54973049;0.0;0.0;0.0;0.0;0.0;0.0
0.24;27.156473210584366;38578.07601602687;56.133919264140886;0.0;36.398501182719585;8.745355161579019;33.99308834214218;36.599411839658586;10.55035491320518;37844.6671112031;0.0;0.0;733.4089048237638;0.0;0.0;0.0;21.073022528989412;0.0;0.0;6.083450681594955;0.0;0.0;0.0;34.1402759427703;0.0;0.0;7.477385428650392;0.0;0.0;0.0;17297147.548000768;0.0;0.0;0.0;0.0;0.0;0.0
0.25;27.613777083426058;38390.490414302774;56.13391926414088;0.0;36.39850118271979;12.865577366013756;33.99308834214402;36.599411839659155;26.69496470285897;37844.667111203096;0.0;0.0;545.823303099678;0.0;0.0;0.0;21.073022528989405;0.0;0.0;6.540754554436652;0.0;0.0;0.0;34.1402759427703;0.0;0.0;4.599323243927074;0.0;0.0;0.0;17297147.5497305;0.0;0.0;0.0;0.0;0.0;0.0
0.26;27.156473210584366;38578.076016026855;56.133919264140886;0.0;31.244831374626404;8.74535516157903;33.993088342142045;36.599411839659155;34.24606589153137;37844.667111203096;0.0;0.0;733.4089048237608;0.0;0.0;0.0;21.073022528989412;0.0;0.0;6.083450681594954;0.0;0.0;0.0;34.140275942770316;0.0;0.0;7.47738542865038;0.0;0.0;0.0;17297147.549730487;0.0;0.0;0.0;0.0;0.0;0.0
0.27;27.429337757924174;38511.214321272906;56.13391926414097;0.0;1.9851620586669187;11.689412898531895;33.99308834214219;36.599411839659155;34.24606589153129;37844.66711120311;0.0;0.0;666.5472100697953;0.0;0.0;0.0;21.073022528989455;0.0;0.0;6.35631522893472;0.0;0.0;0.0;34.14027594277049;0.0;0.0;5.309849691934373;0.0;0.0;0.0;17297147.54973039;0.0;0.0;0.0;0.0;0.0;0.0
0.28;28.0;68773.0233478506;50.27141928271174;36.19838523864746;36.39850118271973;14.025288227689003;33.993088342142315;29.72805978296459;34.246065891531266;0.0;42168.732965861745;0.0;775.5244579181848;0.0;25828.765924070674;0.0;0.0;10.178348104810444;0.0;6.628904311767413;0.0;11.192747583422141;0.0;0.0;2.2135480934879466;0.0;4.291101828783459;0.0;5.783852134940448;0.0;0.0;4622796.043633306;0.0;0.0;0.0;16024000.289099822;0.0
0.29;29.0;71485.9115043543;50.27141928271169;36.198385238647454;36.39850118271957;14.025288227689002;33.99308834214218;31.15166882899036;34.24606589153119;0.0;42168.73296586175;0.0;775.5244579181851;0.0;28541.65408057437;0.0;0.0;10.178348104810443;0.0;6.628904311767412;0.0;12.192747583422145;0.0;0.0;2.2135480934879466;0.0;4.291101828783463;0.0;6.229592476554147;0.0;0.0;4622796.043633324;0.0;0.0;0.0;16777033.338512417;0.0
0.3;37.79532568913731;80558.28638737048;56.133919264140886;36.198385238647454;36.398501182719585;12.907683615308793;33.99308834214228;36.599411839659155;34.246065891531245;37844.6671112031;42168.73296586175;0.0;544.886310305622;0.0;0.0;0.0;21.073022528989412;10.178348104810443;0.0;6.543955055337452;0.0;0.0;0.0;34.1402759427703;2.2135480934879466;0.0;4.587992128390155;0.0;0.0;0.0;17297147.549730483;4622796.043633324;0.0;0.0;0.0;0.0;0.0
0.31;37.880274945567265;80788.92453498305;56.133919264140886;36.19838523864746;36.398501182719585;14.025288227689002;33.99308834214218;36.5994118396586;34.24606589153119;37844.6671112031;42168.73296586175;0.0;775.5244579181849;0.0;0.0;0.0;21.073022528989412;10.178348104810443;0.0;6.6289043117674105;0.0;0.0;0.0;34.1402759427703;2.2135480934879457;0.0;4.291101828783465;0.0;0.0;0.0;17297147.549730487;4622796.043633319;0.0;0.0;0.0;0.0;0.0
0.32;32.33491351902596;80809.48204622508;56.133919264140886;36.19838523864746;36.39850118272027;10.226651869557795;33.99308834214218;36.599411839659155;34.24606589153134;37844.66711120306;42168.73296586175;0.0;796.0819691602628;0.0;0.0;0.0;21.073022528989412;10.178348104810444;0.0;1.083542885226099;0.0;0.0;0.0;34.1402759427703;2.2135480934879426;0.0;6.386794197736872;0.0;0.0;0.0;17297147.549730487;4622796.043633325;0.0;0.0;0.0;0.0;0.0
0.33;37.7168824163735;80660.8292075668;56.133919264140886;36.19838523864746;36.39850118271847;11.875672657999036;33.99308834214219;36.59941183965865;34.246065891531266;37844.667111203096;42168.73296586176;0.0;647.4291305019433;0.0;0.0;0.0;21.073022528989416;10.178348104810444;0.0;6.46551178257364;0.0;0.0;0.0;34.1402759427703;2.2135480934879483;0.0;5.172717637800391;0.0;-9.43245481721533e-13;0.0;17297147.549730483;4622796.043633323;0.0;0.0;0.0;0.0;0.0
0.34;37.19527452905114;80773.58939401653;56.133919264140886;36.19838523864746;36.39850118271945;9.54729368257899;33.99308834214219;36.599411839658536;34.246065891531316;37844.66711120309;42168.73296586175;0.0;760.1893169516812;0.0;0.0;0.0;21.07302252898941;10.178348104810503;0.0;5.9439038952512275;0.0;0.0;0.0;34.14027594277031;2.2135480934879457;0.0;6.886965485081021;0.0;0.0;0.0;17297147.549730495;4622796.043633308;0.0;0.0;0.0;0.0;0.0
0.35000000000000003;37.3238765596865;80734.5434615094;56.133919264140886;36.198385238647454;36.39850118271957;8.808251781668925;33.99308834214219;36.599411839659155;34.246065891531266;37844.6671112031;42168.732965861745;0.0;721.1433844445605;0.0;0.0;0.0;21.073022528989412;10.178348104810443;0.0;6.072505925886643;0.0;0.0;0.0;34.14027594277031;2.2135480934879483;0.0;7.431078364066583;0.0;0.0;0.0;17297147.549730487;4622796.043633324;0.0;0.0;0.0;0.0;0.0
0.36;37.195274529051076;80773.58939401609;56.13391926414088;36.19838523864746;36.39850118271977;9.54729368257899;33.993088342142315;36.5994118396591;34.24606589153125;37844.66711120266;42168.732965861745;0.0;760.1893169516812;0.0;0.0;0.0;21.07302252898941;10.178348104810443;0.0;5.9439038952512275;0.0;0.0;0.0;34.14027594277031;2.2135480934879466;0.0;6.886965485081017;0.0;0.0;0.0;17297147.5497305;4622796.043633322;0.0;0.0;0.0;0.0;0.0
0.37;37.880274945567265;80788.92453498297;56.13391926414088;36.19838523864746;36.39850118271959;14.025288227689005;33.993088342142045;36.599411839659155;34.246065891531266;37844.66711120302;42168.73296586175;0.0;775.5244579181859;0.0;0.0;0.0;21.07302252898941;10.178348104810444;0.0;6.628904311767413;0.0;0.0;0.0;34.140275942770295;2.2135480934879475;0.0;4.291101828783461;0.0;0.0;0.0;17297147.54973049;4622796.043633322;0.0;0.0;0.0;0.0;0.0
0.38;38.00000000000001;81505.07839609239;56.133919264141;36.19838523864746;36.39850118271957;15.60040823079064;33.99308834214219;36.599411839659155;34.246065891531266;37844.66711120311;42168.73296586175;0.0;1491.678319027515;0.0;0.0;0.0;21.073022528989462;10.178348104810444;0.0;6.748629366200096;0.0;0.0;0.0;34.14027594277055;2.2135480934879483;0.0;3.9911778621696516;0.0;0.0;0.0;17297147.549730364;4622796.043633323;0.0;1270404.7612123063;0.0;0.0;0.0
0.39;39.0;64734.694000413736;56.133919264140886;0.0;36.39850118271959;14.025288227689003;33.993088342142045;29.87800222548128;34.24606589153119;37844.667111203074;0.0;0.0;775.5244579181856;0.0;26114.502431292472;0.0;21.073022528989412;0.0;0.0;6.628904311767413;0.0;11.298073159243174;0.0;34.1402759427703;0.0;0.0;4.291101828783459;0.0;5.830799993087579;0.0;17297147.5497305;0.0;0.0;0.0;0.0;16103313.928641466;0.0
0.4;40.0;67447.58215691737;56.133919264140886;0.0;36.398501182719585;14.025288227689016;33.993088342142194;31.301611271506992;34.24606589153127;37844.66711120311;0.0;0.0;775.5244579181892;0.0;28827.390587796064;0.0;21.07302252898946;0.0;0.0;6.628904311767413;0.0;12.29807315924313;0.0;34.14027594277053;0.0;0.0;4.291101828783457;0.0;6.276540334701258;0.0;17297147.54973038;0.0;0.0;0.0;0.0;16856346.978054028;0.0
0.41000000000000003;40.99999999999996;71553.66827080841;56.133919264140886;0.0;36.39850118271991;14.025288227689003;33.993088342142315;33.456311722936405;34.246065891531266;37844.667111203096;6.548361852765083e-11;0.0;775.5244579181851;0.0;32933.47670168707;0.0;21.073022528989412;0.0;0.0;6.628904311767413;0.0;13.29807315924313;0.0;34.1402759427703;0.0;0.0;4.291101828783459;0.0;6.951189683113685;0.0;17297147.54973049;0.0;0.0;0.0;0.0;17996098.552434806;0.0
0.42;42.0;76281.66659610483;56.133919264140886;0.0;36.39850118271997;14.025288227689003;33.993088342142315;36.00024179317943;34.24606589153133;37844.6671112027;0.0;0.0;775.5244579181851;0.0;37661.475026983935;0.0;21.07302252898941;0.0;0.0;6.628904311767413;0.0;14.298073159243177;0.0;34.14027594277031;0.0;0.0;4.291101828783459;0.0;8.085048309004009;0.0;17297147.549730487;0.0;0.0;0.0;0.0;19341737.24701558;0.0
0.43;43.0;78390.80021281989;56.133919264140886;0.0;36.39850118271931;14.025288227689003;33.993088342142045;38.54417186342228;34.24606589153128;37844.667111203096;0.0;0.0;775.5244579181851;0.0;39770.60864369861;0.0;21.073022528989412;0.0;0.0;6.628904311767413;0.0;15.298073159243174;0.0;34.1402759427703;0.0;0.0;4.291101828783459;0.0;9.487821390397745;0.0;17297147.549730487;0.0;0.0;0.0;0.0;20687375.94159626;0.0
0.44;44.0;110283.27319156346;56.13391926414088;36.19838523864746;36.398501182719336;31.14093352961299;33.993088342142045;32.058565135906065;34.24606589153119;37844.66711120303;42168.73296586175;0.0;0.0;0.0;30269.87311449868;0.0;21.07302252898941;10.178348104810436;0.0;0.0;0.0;12.748629366200156;0.0;34.140275942770295;2.2135480934879457;0.0;0.0;0.0;6.513547029091817;0.0;17297147.5497305;4622796.043633319;0.0;0.0;0.0;17256745.724018984;0.0
0.45;45.0;115131.0913322264;56.133919264140886;36.19838523864746;36.39850118271959;31.140933529613342;33.99308834214219;34.60249520614893;34.24606589153125;37844.66711120309;42168.73296586175;0.0;0.0;0.0;35117.69125516155;0.0;21.073022528989412;10.178348104810444;0.0;0.0;0.0;13.748629366200143;0.0;34.1402759427703;2.2135480934879475;0.0;0.0;0.0;7.314303346384381;0.0;17297147.549730483;4622796.043633313;0.0;0.0;0.0;18602384.418599673;0.0
0.46;52.39332791641472;119350.73410670893;56.13391926414089;36.19838523864746;36.398501182719585;13.75493632327693;33.99308834214218;36.599411839659155;34.246065891531266;37844.6671112031;42168.73296586178;0.0;695.9097970381298;0.0;38641.42423260592;0.0;21.07302252898942;10.178348104810443;0.0;6.608354832103654;0.0;14.533602450511205;0.0;34.140275942770316;2.2135480934879475;0.0;4.359989908204501;0.0;8.415442458674551;0.0;17297147.54973048;4622796.043633327;0.0;0.0;0.0;19658674.575053;0.0
0.47000000000000003;52.39332791641472;119350.73410670855;56.133919264140886;36.19838523864746;36.398501182719585;13.754936323276892;33.99308834214218;36.599411839659155;34.246065891531266;37844.66711120312;42168.73296586175;0.0;695.9097970381209;0.0;38641.424232605554;0.0;21.073022528989416;10.178348104810444;0.0;6.6083548321036485;0.0;14.533602450511207;0.0;34.1402759427703;2.2135480934879483;0.0;4.359989908204512;0.0;8.415442458674573;0.0;17297147.549730487;4622796.043633323;0.0;0.0;0.0;19658674.0;0.0
0.48;52.32572763874735;119200.64761277023;56.133919264140886;36.19838523864746;36.39850118271959;12.865577366012353;33.993088342142045;36.59941183965917;34.24606589153119;37844.6671112031;42168.732965861745;0.0;545.8233030998208;0.0;38641.42423260556;0.0;21.07302252898941;10.178348104810444;0.0;6.540754554436543;0.0;14.533602450510953;0.0;34.140275942770316;2.213548093487947;0.0;4.59932324392745;0.0;8.415442458674583;0.0;17297147.549730487;4622796.043633307;0.0;0.0;0.0;19658674.57505301;0.0
0.49;52.41387739607847;119430.34876758888;56.1339192641409;36.19838523864746;36.398501182719585;14.02528822768902;33.99308834214218;36.5994118396591;34.246065891531266;37844.6671112031;42168.73296586175;0.0;775.5244579181906;0.0;38641.42423260584;0.0;21.073022528989423;10.178348104810446;0.0;6.628904311767413;0.0;14.533602450511188;0.0;34.14027594277032;2.2135480934879475;0.0;4.2911018287834555;0.0;8.415442458674516;0.0;17297147.549730472;4622796.043633326;0.0;0.0;0.0;19658674.57505297;0.0
0.5;51.85747901019794;119375.96769411511;56.133919264140886;36.19838523864746;36.398501182719585;8.808251781668893;33.99308834214218;36.599411839659155;34.246065891531266;37844.6671112031;42168.73296586175;0.0;721.1433844445428;0.0;38641.424232605714;0.0;21.073022528989437;10.178348104810443;0.0;6.072505925886704;0.0;14.533602450511358;0.0;34.140275942770444;2.2135480934879457;0.0;7.431078364066839;0.0;8.415442458636278;0.0;17297147.549730428;4622796.043633319;0.0;0.0;0.0;19658674.575051457;0.0
0.51;52.32572763874761;119200.64761277061;56.133919264140886;36.19838523864746;36.39850118271957;12.865577366012353;33.99308834214219;36.59941183965916;34.246065891531266;37844.6671112031;42168.73296586176;0.0;545.8233030998208;0.0;38641.424232605925;0.0;21.073022528989412;10.178348104810443;0.0;6.54075455443654;0.0;14.533602450511207;0.0;34.1402759427703;2.2135480934879483;0.0;4.5993232439274525;0.0;8.415442458674498;0.0;17297147.54973048;4622796.043633323;0.0;0.0;0.0;19658674.575053006;0.0
0.52;52.32572763874761;119200.64761277022;56.13391926414089;36.19838523864746;36.39850118271977;12.865577366012353;33.993088342142045;36.599411839659155;34.246065891531266;37844.667111203096;42168.73296586175;0.0;545.8233030998208;0.0;38641.424232605554;0.0;21.073022528989412;10.178348104810446;0.0;6.540754554436543;0.0;14.533602450511209;0.0;34.14027594277031;2.213548093487945;0.0;4.59932324392745;0.0;8.415442458674548;0.0;17297147.549730487;4622796.043633309;0.0;0.0;0.0;19658674.575053003;0.0
0.53;52.999999999999986;125174.66487984709;56.133919264140886;36.19838523864746;36.398501182719585;20.71650675003873;33.993088342142194;36.599411839659155;34.24606589153117;37844.667111203096;42168.73296586175;0.0;6519.8405701765205;0.0;38641.42423260572;0.0;21.073022528989412;10.178348104810443;0.0;7.215026915688929;0.0;14.533602450511205;0.0;34.14027594277031;2.2135480934879457;0.0;3.9024638188390615;0.0;8.415442458675459;0.0;17297147.54973048;4622796.043633319;0.0;7053985.95292116;0.0;19658674.575053;0.0
0.54;54.000000000000014;123541.02022075215;50.27141928271161;36.19838523864746;36.398501182719585;14.025288227689012;33.99308834214218;47.432141452562156;34.246065891531266;36125.93793749245;42168.73296586175;0.0;775.524457918189;0.0;44470.82485947976;0.0;18.400879648487194;10.178348104810443;0.0;6.628904311767413;0.0;18.79186793493496;0.0;26.721252398221054;2.2135480934879457;0.0;4.29110182878346;0.0;14.38882265365227;0.0;23599047.39118474;4622796.043633319;0.0;0.0;0.0;25388761.382691048;0.0
0.55;55.0;138940.25025991775;56.133919264140886;36.19838523864746;36.398501182719585;27.854505551722667;33.99308834214218;36.599411839659155;34.246065891531266;37844.667111203096;42168.73296586175;0.0;20285.42595024699;0.0;38641.42423260591;0.0;21.073022528989416;10.178348104810444;0.0;9.215026915688929;0.0;14.533602450511207;0.0;34.14027594277029;2.2135480934879483;0.0;6.2820150508431585;0.0;8.415442458674553;0.0;17297147.549730476;4622796.043633314;0.0;19680195.447528146;0.0;19658674.575053;0.0
0.56;55.99999999999992;140215.5450873128;56.133919264140886;36.19838523864746;36.39850118271959;28.6879565986156;33.993088342142194;36.599411839659155;34.24606589153128;37844.6671112031;42168.73296586175;0.0;21560.720777642247;0.0;38641.424232605714;0.0;21.07302252898942;10.178348104810434;0.0;10.215026915688723;0.0;14.533602450511344;0.0;34.140275942770316;2.2135480934879483;0.0;6.559857555521258;0.0;8.415442458656344;0.0;17297147.54973048;4622796.043633319;0.0;21557873.22009139;0.0;19658674.575053;0.0
0.5700000000000001;57.0;141379.44574041117;56.133919264140886;36.19838523864746;36.39850118271979;29.52140764550887;33.993088342142315;36.599411839659176;34.24606589153126;37844.66711120312;42168.732965861745;0.0;22724.621430740746;0.0;38641.42423260556;0.0;21.073022528989412;10.178348104810444;0.0;11.215026915688924;0.0;14.533602450511214;0.0;34.14027594277031;2.2135480934879466;0.0;6.83770006019948;0.0;8.415442458674537;0.0;17297147.549730487;4622796.043633306;0.0;23730462.16882965;0.0;19658674.575053014;0.0
0.58;58.0;133616.9109903864;56.133919264140886;36.19838523864746;36.398501182719585;31.140933529613108;33.99308834214218;31.17620236913754;34.246065891531266;37844.667111203125;42168.73296586175;0.0;25015.104706039205;0.0;28588.406207282325;0.0;21.073022528989412;10.178348104805632;0.0;14.538648441778363;0.0;12.209980924426592;0.0;34.14027594277031;2.213548093487945;0.0;7.37759155077066;0.0;6.2372740718605995;0.0;17297147.54973048;4622796.043629653;0.0;27952142.67556241;0.0;16790010.61384056;0.0
0.59;59.0;137534.9262612039;56.13391926414089;36.19838523864747;36.39850118271994;31.140933529613108;33.99308834214232;33.23221119083642;34.246065891531266;37844.667111202914;42168.73296586176;0.0;25015.10470600346;0.0;32506.421478135744;0.0;21.073022528989416;10.178348104810444;0.0;14.538648460247048;0.0;13.209980905953094;0.0;34.14027594277031;2.213548093487947;0.0;7.377591550777153;0.0;6.881022492189351;0.0;17297147.549730487;4622796.043633313;0.0;27952142.675580632;0.0;17877558.207714926;0.0
0.6;59.99999999999999;143353.67029832368;56.1339192641409;36.19838523864746;36.398501182719414;30.932347410420945;33.993088342142315;36.599411839659155;34.246065891531266;37844.6671112031;42168.732965861724;0.0;24698.84598865333;0.0;38641.42423260554;0.0;21.07302252898942;10.178348104811308;0.0;14.215026915688068;0.0;14.533602450511205;0.0;34.140275942770316;2.2135480934879475;0.0;7.308056465287141;0.0;8.415442458674546;0.0;17297147.549730476;4622796.043633325;0.0;27408413.203878216;0.0;19658674.575053;0.0
0.61;61.0;144680.60258768778;56.13391926414088;36.19838523864747;36.39850118271949;31.1409335296131;33.993088342142315;38.320071378305386;34.24606589153126;37844.667111203016;42168.73296586174;0.0;25015.10470604764;0.0;39652.09780457537;0.0;21.073022528989412;10.178348104810457;0.0;14.538648441778301;0.0;15.209980924421831;0.0;34.140275942770295;2.2135480934879435;0.0;7.377591550777144;0.0;9.364247974710548;0.0;17297147.54973049;4622796.043633312;0.0;27952142.675580584;0.0;20568835.62172858;0.0
0.62;62.0;146025.90648103558;56.133919264140886;36.19838523864746;36.39850118268554;31.140933529613108;33.993088342142315;40.8640011771432;34.24606589153128;37844.66711120312;42168.732965861745;0.0;25015.104706038557;0.0;40997.40169793214;0.0;21.073022528989412;10.178348104810446;0.0;14.53864854846563;0.0;16.20998081773451;0.0;34.140275942770316;2.2135480934879475;0.0;7.377591550777138;0.0;10.767020906446204;0.0;17297147.54973049;4622796.043633308;0.0;27952142.6755806;0.0;21914474.172746703;0.0
0.63;63.0;147371.21066143873;56.133919264140886;36.19838523864746;36.39850118271977;31.140933529579726;33.99308834214218;43.407931518791045;34.246065891531266;37844.667111203074;42168.73296586175;0.0;25015.104706031314;0.0;42342.70587834258;0.0;21.073022528989412;10.178348104810446;0.0;14.538648441778362;0.0;17.209980924421778;0.0;34.1402759427703;2.2135480934879466;0.0;7.3775915507939445;0.0;12.169794137497952;0.0;17297147.549730483;4622796.043633306;0.0;27952142.675326172;0.0;23260113.01088992;0.0
0.64;63.99999999999999;148716.51469032402;56.133919264140886;36.19838523864746;36.39850118271959;31.140933529613104;33.993088342142315;45.95186157388175;34.24606589153125;37844.66711120275;42168.73296586175;0.0;25015.10470604623;0.0;43688.009907213316;0.0;21.073022528989416;10.178348104810441;0.0;14.538648447734575;0.0;18.20998091846556;0.0;34.140275942770295;2.2135480934879497;0.0;7.377591550777142;0.0;13.572567210536478;0.0;17297147.549730487;4622796.043633324;0.0;27952142.675580606;0.0;24605751.69745572;0.0
0.65;66.1469387385346;153966.61197085754;56.133919264140886;36.19838523864746;36.398501182719585;13.935784718118137;33.99308834214218;36.59941183965917;34.246065891531266;37844.66711120312;42168.73296586175;0.0;745.6800453300166;0.0;38641.42423260594;34566.107615856716;21.073022528989412;10.178348104810444;0.0;6.622101139606439;0.0;14.533602450511212;13.739864514617093;34.140275942770295;2.2135480934879483;0.0;4.312348985559061;0.0;8.415442458674548;19.868980545921694;17297147.54973048;4622796.043633339;0.0;0.0;0.0;19658674.575053006;44663687.47443358
0.66;66.14693853911365;153966.6119708533;56.133919264140886;36.19838523864746;36.398501182719585;13.935784718118127;33.99308834214218;36.599411839659155;34.246065891531266;37844.6671112031;42168.73296586176;0.0;745.6800453299829;0.0;38641.4242326024;34566.10761585603;21.073022528989412;10.178348104810436;0.0;6.622101139606429;0.0;14.533602450511381;13.73986431519598;34.14027594277031;2.2135480934879483;0.0;4.3123489855590025;0.0;8.41544245867317;19.868980545917466;17297147.54973048;4622796.043633323;0.0;0.0;0.0;19658674.575052984;44663687.474424586
0.67;66.99999999999999;160986.2688812698;56.133919264140886;36.19838523864746;36.398501182719585;31.140933529613108;33.993088342142194;36.599411839659155;26.56956950992694;37844.6671112031;42168.73296586175;0.0;25015.104706046764;0.0;38641.42423260575;17316.339865552418;21.073022528989412;10.178348104810443;0.0;14.538648441778319;0.0;14.533602450511204;6.676378473910615;34.14027594277031;2.2135480934879457;0.0;7.377591550778245;0.0;8.415442458674562;9.674646025679678;17297147.54973048;4622796.043633319;0.0;27952142.675576568;0.0;19658674.575053;23400874.246718183
0.68;67.99999999999999;163911.29735564944;56.133919264140886;36.19838523864746;36.39850118271977;31.140933529613108;33.993088342142315;36.599411839659155;27.875603746025842;37844.667111203;42168.732965861745;0.0;25015.104706034723;0.0;38641.42423260591;20241.368339944056;21.07302252898941;10.178348104810444;0.0;14.538648441778301;0.0;14.533602450511209;7.6763784739106296;34.1402759427703;2.213548093487944;0.0;7.37759155077715;0.0;8.415442458674548;11.41273955092322;17297147.549730487;4622796.04363331;0.0;27952142.675580632;0.0;19658674.575053003;26101474.29126864
0.6900000000000001;69.0;166848.06806679373;56.133919264140886;36.19838523864746;36.398501182719585;31.140933529613193;33.99308834214218;36.599411839658984;29.181637055599;37844.667111203096;42168.73296586175;0.0;25015.104706047776;0.0;38641.424232605634;23178.13905107547;21.073022528989412;10.178348104810444;0.0;14.538648441778316;0.0;14.533602450511136;8.676378473910694;34.14027594277031;2.213548093487946;0.0;7.377591550777181;0.0;8.415442458674452;13.154830391270748;17297147.54973048;4622796.043633316;0.0;27952142.675580844;0.0;19658674.575052913;29361736.136169277
0.7000000000000001;70.0;169000.43096452046;56.133919264140886;36.198385238647475;36.39850118271957;31.1409335296131;33.99308834214219;36.59941183965916;30.138830488530537;37844.667111203125;42168.732965861775;0.0;25015.104706047638;0.0;38641.42423260556;25330.50194880236;21.073022528989412;10.178348104810443;-1.900701818158268e-13;14.538648441778337;0.0;14.533602450511227;9.676378473910766;34.14027594277031;2.213548093487947;-4.263256414560601e-14;7.377591550777142;0.0;8.41544245867454;14.4350681164463;17297147.54973048;4622796.043633325;0.0;27952142.675580602;0.0;19658674.575053006;31751186.08717859
0.71;71.0;170993.9890231594;56.133919264140886;36.19838523864746;36.39850118271977;31.140933529612976;33.99308834214218;36.599411839659155;31.025400631476366;37844.667111203096;42168.732965861745;0.0;25015.10470603509;0.0;38641.424232605554;27324.060007453914;21.07302252898941;10.178348104810446;0.0;14.538648447431312;0.0;14.533602450511205;10.676378468257626;34.140275942770295;2.2135480934879466;0.0;7.377591550777121;0.0;8.415442458674548;15.620847817773097;17297147.549730483;4622796.043633306;0.0;27952142.675580494;0.0;19658674.575053;34173361.179769285
0.72;72.0;172987.5471043629;56.133919264141;36.19838523864746;36.398501182719585;31.140933529613218;33.99308834214218;36.599411839659155;31.911970784445806;37844.66711120311;42168.73296586175;0.0;25015.10470604771;0.0;38641.424232605554;29317.61808864475;21.073022528989462;10.178348104810443;0.0;14.538648441778324;0.0;14.533602450511205;11.676378473910567;34.14027594277055;2.2135480934879483;0.0;7.3775915507771845;0.0;8.415442458674555;16.806627532506383;17297147.549730364;4622796.043633306;0.0;27952142.675580923;0.0;19658674.575053;37061090.71289102
0.73;73.0;175670.35517405742;56.133919264140886;36.19838523864746;36.39850118271959;31.140933529613115;33.993088342142194;36.599411839659155;33.10506246469007;37844.66711120311;42168.73296586176;0.0;25015.10470602977;0.0;38641.424232605714;32000.42615835707;21.07302252898943;10.178348104810444;0.0;14.538648441778308;0.0;14.533602450511207;12.67637847391061;34.14027594277039;2.2135480934879457;0.0;7.377591550777721;0.0;8.415442458675388;18.40237707078288;17297147.54973044;4622796.043633319;0.0;27952142.67557026;0.0;19658674.575053;40947219.824302636
0.74;73.99999998567745;178036.0561765603;56.133919264140886;36.1983852386476;36.398501182719585;31.011481836133008;33.99308834214218;36.599411839659155;34.246065891531266;37844.6671112031;42168.73296586189;0.0;24815.124251033536;0.0;38641.42423260573;34566.10761585603;21.073022528989412;10.178348104810457;0.0;14.475162892528147;0.0;14.533602450511351;13.739864008838087;34.14027594277031;2.213548093487941;0.0;7.3344370273226325;0.0;8.415442458660038;19.86898054591255;17297147.54973048;4622796.043633301;0.0;27614695.95966527;0.0;19658674.575053;44663687.47440488
0.75;75.00000000000031;179596.6721590121;56.133919264140886;36.19838523864746;36.39850118272113;31.140933529613108;33.99308834214218;38.981839148575105;34.246065891531096;37844.667111203096;42168.73296586175;0.0;25015.104706047427;0.0;40002.05976004413;34566.1076158557;21.073022528989416;10.178348104810444;0.0;14.538648441778511;0.0;15.47011691558396;13.739864008837985;34.1402759427703;2.2135480934879483;0.0;7.377591550777067;0.0;9.729159158073182;19.868980545921684;17297147.549730446;4622796.043633324;0.0;27952142.675580326;0.0;20918884.56433432;44663687.474432774
0.76;76.0;180941.97621432244;56.133919264140886;36.19838523864985;36.398501182719585;31.14093352961293;33.99308834214218;41.525769171253025;34.24606589153126;37844.667111203125;42168.73296586159;0.0;25015.104706047365;0.0;41347.36381535438;34566.10761585595;21.073022528989412;10.178348104810677;0.0;14.538648460475159;0.0;16.470116896886495;13.739864008838259;34.1402759427703;2.2135480934878213;-2.1316282072803006e-14;7.377591550777089;0.0;11.13193279577991;19.86898054592166;17297147.549730483;4622796.0436331015;0.0;27952142.67558019;0.0;22264523.346710123;44663687.47443342
0.77;77.0;182287.28027635915;56.133919264140886;36.19838523864746;36.398501182719414;31.140933529612777;33.99308834214232;44.06969928905995;34.246065891531266;37844.66711120311;42168.73296586176;0.0;25015.10470604705;0.0;42692.667877391264;34566.10761585596;21.073022528989412;10.178348104810444;0.0;14.53864844177823;0.0;17.470116915583567;13.739864008838344;34.1402759427703;2.2135480934879466;0.0;7.377591550777039;0.0;12.53470590340137;19.86898054592167;17297147.549730483;4622796.043633306;0.0;27952142.675579745;0.0;23610162.066450328;44663687.47443339
0.78;78.0;183632.58431324264;56.133919264140886;36.19838523864746;36.39850118271922;31.140933529613108;33.993088342142315;46.61362935930028;34.24606589153125;37844.667111203096;42168.73296586176;0.0;25015.10470604824;0.0;44037.97191427356;34566.10761585597;21.073022528989416;10.178348104810446;0.0;14.538648441779296;0.0;18.470116915582565;13.73986400883828;34.1402759427703;2.213548093487946;0.0;7.377591550777153;0.0;13.937478984793733;19.868980545921655;17297147.54973048;4622796.043633306;0.0;27952142.67558064;0.0;24955800.761029672;44663687.474433385
0.79;79.62336417170042;182879.5156742988;56.133919264140886;36.19838523864746;36.39850118271959;14.025288227689002;33.993088342142194;36.599411839659155;34.24606589153128;37844.66711120311;42168.73296586176;0.0;775.5244579181849;28883.059290854017;38641.4242326057;34566.10761585604;21.07302252898943;10.178348104810444;0.0;6.6289043117674105;13.469622766784433;14.533602450511207;13.739864008837502;34.14027594277039;2.2135480934879457;0.0;4.2911018287834635;4.1021971429557595;8.415442458675573;19.86898054592237;17297147.54973044;4622796.043633319;0.0;0.0;54275827.61124974;19658674.575053006;44663687.47442851
0.8;79.99999999999929;182941.1938075084;56.133919264140886;36.19838523864746;36.3985011827196;31.140933529613328;33.993088342142315;46.03023665931067;34.246065891531266;37844.66711120273;42168.73296586175;34183.23209784371;25015.104706047812;0.0;43729.45692655239;0.0;21.07302252898941;10.178348104810443;15.969191342484095;14.538648441778355;0.0;18.24078958193698;0.0;34.140275942770316;2.2135480934879457;19.604340367194116;7.377591550777115;0.0;13.615784774327897;0.0;17297147.549730487;4622796.043633308;67606553.60157037;27952142.67558074;0.0;24647209.027151164;0.0
0.81;81.00000000000001;191415.1822388017;56.13391926414088;36.19838523864746;36.398501182719585;31.140933529613108;33.99308834214219;36.599411839659155;27.262260760358327;37844.6671112031;42168.7329658619;0.0;25015.104706047638;28883.059290854;38641.424232605714;18862.19393222933;21.073022528989412;10.178348104810459;0.0;14.538648441778305;13.469622766784433;14.533602450511268;7.2067557071261295;34.140275942770295;2.2135480934879395;0.0;7.377591550777152;4.102197142957881;8.415442458674551;10.595425009611601;17297147.549730487;4622796.043633308;0.0;27952142.675580624;54275827.61125133;19658674.575053;24570381.07997619
0.8200000000000001;82.0;194351.9527764184;56.133919264140886;36.19838523864746;36.39850118271962;31.140933529613108;33.99308834214218;36.599411839659155;28.568293992772592;37844.66711120312;42168.73296586175;0.0;25015.104706034126;28883.059290854;38641.42423260555;21798.96446985984;21.073022528989405;10.178348104810444;0.0;14.538648516041453;13.469622766784424;14.533602450511268;8.206755632863002;34.140275942770316;2.2135480934879497;0.0;7.377591550777151;4.102197142957884;8.415442458674562;12.335788847190464;17297147.54973049;4622796.043633306;0.0;27952142.67558063;54275827.61125129;19658674.575053003;27830642.732264444
0.8300000000000001;82.99999984826107;196947.26977229718;56.133919264140886;36.19838523864746;36.398501182719585;31.140933529613125;33.99308834214224;36.599411839659155;29.722476861954018;37844.6671112031;42168.73296586175;0.0;25015.104706047652;28883.059290853605;38641.424232605714;24394.281465725333;21.073022528989412;10.178348104810443;0.0;14.53864844177831;13.469622766784454;14.533602450511365;9.206755555387083;34.14027594277031;2.21354809348795;0.0;7.377591550777138;4.102197142957886;8.41544245867461;13.878198834419955;17297147.54973048;4622796.043633317;0.0;27952142.67558069;54275827.61125147;19658674.575053;30711839.056162145
0.84;84.0;198940.8280043466;56.13391926414091;36.19838523864746;36.39850118271993;31.140933529613108;33.99308834214219;36.599411839656426;30.60904708201272;37844.66711120313;42168.73296586176;0.0;25015.104706047812;28883.059290854017;38641.42423260555;26387.839697774325;21.073022528989423;10.178348104810444;0.0;14.538648441778319;13.469622766784425;14.53360248281888;10.206755674818508;34.14027594277034;2.2135480934879475;0.0;7.377591550777142;4.102197142957877;8.415442458674335;15.063978638884532;17297147.54973046;4622796.043633322;0.0;27952142.6755806;54275827.61125133;19658674.575053047;32924991.691776976
0.85;85.0;200934.38613867568;56.133919264140886;36.19838523864742;36.398501182719585;31.140933529613353;33.99308834214219;36.599411839659155;31.495617258613308;37844.667111203125;42168.73296586164;0.0;25015.104706048005;28883.059290854177;38641.424232606136;28381.39783210259;21.073022528989412;10.178348104810448;0.0;14.538648441778337;13.469622766784425;14.533602450511372;11.206755707126012;34.140275942770295;2.213548093487951;0.0;7.377591550777232;4.102197142957881;8.415442458658788;16.24975838522428;17297147.54973048;4622796.043633333;0.0;27952142.675581258;54275827.61125132;19658674.575052008;35704947.18748708
0.86;86.15403091177984;201721.04044602538;56.13391926414078;36.19838523864746;36.398501182719585;31.140933529613108;31.263034409791235;36.59941183965853;34.246065891531266;37844.667111203096;42168.73296586175;0.0;25015.104706046786;23485.003814451688;38641.42423260602;34566.10761585603;21.07302252898937;10.178348104810443;0.0;14.538648441778301;12.09054537685321;14.533602450510958;13.73986400883755;34.14027594277007;2.2135480934879457;0.0;7.377591550777632;3.6056168967161453;8.415442458674203;19.868980545922838;17297147.549730603;4622796.043633319;0.0;27952142.67557699;46161892.1162119;19658674.57505267;44663687.474429004
0.87;86.99999999999999;204655.47767131816;56.133919264140886;36.19838523864746;36.39850118271959;31.140933529613108;32.937733352759416;36.599411839659155;34.246065891531266;37844.667111203096;42168.73296586177;0.0;25015.104706047645;26419.44103974414;38641.42423260556;34566.10761585597;21.073022528989423;10.178348104810444;0.0;14.53864909643871;12.936513809865202;14.533602451057613;13.739864008838598;34.14027594277031;2.2135480934879475;0.0;7.37759155077716;3.910234473543201;8.41544245867461;19.868980545921694;17297147.549730465;4622796.043633327;0.0;27952142.675580654;50956297.571576685;19658674.575053;44663687.47443358
0.88;87.99999999999997;207847.94608947862;56.133919264140886;36.19838523864745;36.398501182719585;31.140933529613108;33.99308834214219;37.78715167048055;34.24606589153125;37844.6671112031;42168.732965861745;0.0;25015.104706047434;28883.059290854;39370.2743996564;34566.107615855944;21.073022528989412;10.178348104810444;0.0;14.538648441778326;13.469622766784425;15.000494148799115;13.739864008838241;34.140275942770295;2.2135480934879483;0.0;7.377591550770887;4.102197142957878;9.070385564959048;19.86898054592165;17297147.54973048;4622796.043633327;0.0;27952142.67556122;54275827.611251324;20286942.11044772;44663687.47443335
0.89;89.00000000000001;209193.25012636042;56.133919264140886;36.1983852386475;36.39850118271975;31.140933529613108;33.99308834214219;40.33108174072241;34.246065891531266;37844.66711120307;42168.73296586175;0.0;25015.104706046688;28883.05929085324;40715.57843653949;34566.10761585619;21.073022528989416;10.178348104810446;0.0;14.538648441778601;13.469622766784438;16.000494148798712;13.73986400883839;34.1402759427703;2.2135480934879466;0.0;7.3775915507770655;4.102197142957885;10.473158646352221;19.868980545921257;17297147.549730483;4622796.0;0.0;27952142.6755806;54275827.61125018;21632580.805027876;44663687.47443259
0.9;90.0;210538.5541212285;56.133919264140886;36.198385238649145;36.398501182719585;31.140933529613108;33.99308834214219;42.87501173150827;34.246065891531266;37844.66711120311;42168.73296586335;0.0;25015.104706047645;28883.059290853973;42060.88243140394;34566.10761585646;21.07302252898942;10.178348104810608;0.0;14.538648441778323;13.469622766784429;17.000494117564745;13.739864040072483;34.1402759427703;2.213548093487857;0.0;7.3775915507771455;4.1021971429578805;11.875931683931784;19.868980545921694;17297147.549730476;4622796.043633146;0.0;27952142.675580617;54275827.61125133;22978219.457578942;44663687.47443358
0.91;91.0;211883.85820012767;56.133919264140886;36.198385238647454;36.398501182719585;31.1409335296131;33.99308834214219;45.41894188121027;34.246065891531266;37844.6671112031;42168.732965861724;0.0;25015.104706047627;28883.05929085387;43406.18651030788;34566.10761585346;21.073022528989412;10.178348104810448;0.0;14.538648441778301;13.469622766784425;18.000494148799532;13.739864008837886;34.140275942770295;2.213548093487948;-2.1316282072803006e-14;7.377591550777148;4.102197142957881;13.27870480914084;19.868980545918944;17297147.54973048;4622796.043633328;0.0;27952142.675580602;54275827.611251324;24323858.194190387;44663687.47442189
0.92;91.99999999999999;213229.16223700956;56.133919264140886;36.19838523864746;36.398501182719585;31.1409335296131;33.99308834214219;47.96287195145163;34.246065891531266;37844.6671112031;42168.73296586175;0.0;25015.10470604664;28883.05929085385;44751.490547190704;34566.107615853514;21.073022528989412;10.178348104810443;-1.1191048088221578e-13;14.538648441778308;13.469622766784425;19.00049414879893;13.739864008838579;34.14027594277031;2.2135480934879457;-2.1316282072803006e-14;7.377591550777148;4.102197142957881;14.681477890533733;19.868980545901863;17297147.54973048;4622796.043633323;0.0;27952142.675580606;54275827.611251324;25669496.88877027;44663687.47437167
0.93;92.99999999999999;216511.95938550876;56.133919264140886;36.19838523864746;36.39850118271959;31.14093352961312;33.993088342142194;44.148074359338516;34.246065891531266;37844.6671112031;42168.73296586176;34183.23209784388;25015.10470602563;0.0;42734.114888718395;34566.10761585596;21.073022528989412;10.178348104810444;15.969191342484073;14.538648441778305;0.0;17.500925573099487;13.739864008838268;34.140275942770295;2.2135480934879457;19.60434036719411;7.377591550765182;0.0;12.577923458838596;19.868980545921666;17297147.54973048;4622796.043633319;67606553.60157037;27952142.675558425;0.0;23651619.38813183;44663687.47443342
0.9400000000000001;93.99999999999996;217857.26342241943;56.133919264140886;36.198385238647454;36.398501182719585;31.140933529613108;33.993088342142194;46.69200442958399;34.246065891531266;37844.667111203125;42168.73296586177;34183.23209784137;25015.10470604801;0.0;44079.4189256034;34566.107615861765;21.073022528989412;10.178348104810441;15.969191342483724;14.5386484417783;-5.897504706808832e-13;18.500925573100503;13.739864008838174;34.140275942770295;2.2135480934879466;19.604340367195306;7.37759155077715;-6.066258606551855e-13;13.980696540233769;19.868980545920525;17297147.54973048;4622796.043633324;67606553.60156652;27952142.67558065;0.0;24997258.082713902;44663687.474428
0.9500000000000001;95.03615712830454;217008.36669866854;56.133919264140886;36.19838523864746;36.398501182719606;8.808251781668918;33.99308834214218;36.599411839659155;34.24606589153125;37844.66711120306;42168.73296586176;34183.232097843764;721.1433844445601;28883.059290853937;38641.42423260555;34566.10761585592;21.073022528989412;10.178348104810444;15.969191342484159;6.072505925886647;13.469622766784422;14.533602450511205;13.739864008838241;34.1402759427703;2.213548093487942;19.604340367194126;7.431078364066591;4.10219714295788;8.415442458674558;19.868980545921655;17297147.54973049;4622796.043633325;67606553.60157037;0.0;54275827.611251295;19658674.575053003;44663687.4744334
0.96;96.0;219504.70466150585;56.133919264140786;36.19838523864746;36.398501182719585;18.974020511022992;33.993088342142194;36.59941183965853;34.246065891531266;37844.66711120307;42168.73296586175;34183.232097843706;3217.4813472825554;28883.059290853933;38641.4242326049;34566.107615855966;21.073022528989362;10.178348104810444;15.969191342484109;7.036348797582463;13.469622766784425;14.53360245051096;13.739864008838241;34.140275942770195;2.213548093487944;19.604340367194098;3.7182152466385165;4.102197142957869;8.415442458674217;19.868980545921666;17297147.549730588;4622796.04363331;67606553.60157034;4832481.925485555;54275827.61125133;19658674.57505267;44663687.47443342
0.97;97.00000000000004;225688.89230106166;56.133919264140886;36.198385238647454;36.398501182719194;31.140933529613104;33.99308834214219;36.59941183965927;27.30249789390875;37844.66711120313;42168.73296586175;34183.232097843174;25015.104706047623;28883.059290854017;38641.42423260579;18952.67189664616;21.073022528989412;10.178348104810448;15.969191342483784;14.538648441778316;13.469622766784433;14.53360245051126;7.2375643646423775;34.14027594277031;2.213548093487948;19.604340367193664;7.377591550777147;4.102197142952804;8.415442458674613;10.649043287019083;17297147.54973048;4622796.043633328;67606553.6015692;27952142.675580643;54275827.61123359;19658674.575053062;24670825.372094203
0.98;98.00000000000001;228625.66290703055;56.133919264140886;36.19838523864746;36.3985011827196;31.140933529613108;33.9930883421425;36.599411839659126;28.60853115647901;37844.66711120312;42168.732965861745;34183.232098372115;25015.104706047397;28883.059290854577;38641.42423260555;21889.442502086018;21.073022528989416;10.178348104810444;15.969191393656917;14.538648441778346;13.469622766784582;14.533602450511296;8.237564313469008;34.140275942770316;2.2135480934879466;19.604340367194112;7.377591550777151;4.102197142957942;8.415442458674548;12.389407164782542;17297147.549730483;4622796.04363331;67606553.60157037;27952142.675580624;54275827.611252315;19658674.575052984;27931087.099661123
0.99;99.00000000000003;231191.92094448884;56.13391926414088;36.19838523864746;36.398501182719116;31.140933529613108;33.99308834214219;36.599411839659155;29.74979099875046;37844.6671112031;42168.73296586175;34183.23209784302;25015.104706046277;28883.059290853937;38641.42423260592;24455.70054007483;21.073022528989412;10.178348104810446;15.96919134248373;14.538648441778484;13.469622766784425;14.533602450511204;9.23756436464231;34.140275942770295;2.213548093487939;19.604340367193576;7.377591550774355;4.102197142957881;8.415442458674551;13.914731250078422;17297147.549730487;4622796.043633306;67606553.601569;27952142.67555988;54275827.611251324;19658674.575053;30780023.56368667
1.0;100.00000000000003;233185.47901441174;56.133919264140886;36.19838523864746;36.398501182719166;31.140933529613108;33.9930883421422;36.59941183965916;30.636361146708317;37844.6671112031;42168.73296586175;34183.23209784308;25015.104706047638;28883.05929085405;38641.424232605554;26449.25860999655;21.073022528989412;10.178348104810443;15.969191342483766;14.538648441778305;13.469622766784433;14.533602450511207;10.23756436464246;34.1402759427703;2.2135480934879483;19.604340367193625;7.377591550777152;4.102197142957882;8.415442458674553;15.100510958108764;17297147.549730487;4622796.043633326;67606553.6015693;27952142.67558062;54275827.61125137;19658674.575053003;32993176.019315507
1.01;101.0;235179.03708433313;56.133919264140886;36.19838523864746;36.398501182719585;31.140933529613108;33.99308834214219;36.599411839659155;31.52293129466546;37844.6671112031;42168.73296586177;34183.23209784369;25015.10470604792;28883.059290854275;38641.424232605714;28442.816679916636;21.073022528989412;10.178348104810444;15.96919134248416;14.53864844177848;13.469622766784425;14.53360245051127;11.23756436464181;34.14027594277031;2.2135480934879155;19.6043403671941;7.377591550773985;4.102197142957878;8.41544245867461;16.286290666138157;17297147.54973048;4622796.043633326;67606553.60157034;27952142.675563008;54275827.61125132;19658674.575053003;35793914.25716834
